{"pageContext":{"artist":{"key":"ebbens","name":"Ebbens","social":{"soundcloud":"https://soundcloud.com/lukeebbens","facebook":"https://www.facebook.com/ebbensdj/","aor":"https://soundcloud.com/riddimrecordsuk/aor-ebbens-promo"},"info":"Being the youngest artist in Riddim's artist collective has not stopped Ebbens from being \n  one of its most prolific artists. With a plethora of experience, coupled with a skill that \n  would compete with even the most experienced DJs - the name Ebbens is an institution of the \n  Riddim Records family.\n  \n  Joining the ranks of the Riddim Records artist collective in 2017, as well being one of \n  Riddim's in-house promoters, Ebbens has represented the brand both up and down the UK \n  and internationally, and will continue to tear up dancefloors for the foreseeable future.","pic":"EbbensSquare.jpg"}}}