{"data":{"allArtistsJson":{"edges":[{"node":{"key":"low","name":"DJ Low","pic":null}},{"node":{"key":"mascot","name":"Mascot","pic":null}},{"node":{"key":"mowgli","name":"Mowgli","pic":null}},{"node":{"key":"rous","name":"Rous","pic":null}},{"node":{"key":"hannahlux","name":"Hannah Lux","pic":null}},{"node":{"key":"reload","name":"Reload","pic":null}},{"node":{"key":"ebbens","name":"Ebbens","pic":null}},{"node":{"key":"skinny","name":"Skinny","pic":null}},{"node":{"key":"mcxl","name":"MC XL","pic":null}}]}},"pageContext":{"isCreatedByStatefulCreatePages":true}}