{"data":{"eventsJson":{"key":7,"name":"riddim7","date":"05.10.18","info":"After a successful collaboration event with our brothers over at Terra Firma, Riddim is hosting its first solo York-based event with none other than the liquid-kingpins, Hybrid Minds! With a string of sell-out shows on their international tour, Hybrid Minds are back in the UK to make their York-debut in none other than Fibbers, with special guests Deadline & Aperio joining the line-up.","artists":["Hybrid Minds","Dbrief","Mascot","Thread","Deadline & Aperio","Hosted by MC Subliminal"],"location":"<iframe height='90%' width='90%' title='map' src='https://maps.google.com/maps?q=Fibbers%203-5%20Toft%20Green&amp;t=&amp;z=10&amp;ie=UTF8&amp;iwloc=&amp;output=embed'/>"}},"pageContext":{"isCreatedByStatefulCreatePages":false,"event":{"name":"riddim7"},"events":[{"node":{"name":"riddim1"}},{"node":{"name":"riddim2"}},{"node":{"name":"riddim3"}},{"node":{"name":"riddim4"}},{"node":{"name":"riddim5"}},{"node":{"name":"riddim6"}},{"node":{"name":"riddim7"}},{"node":{"name":"riddim8"}},{"node":{"name":"riddim9"}},{"node":{"name":"riddim10"}},{"node":{"name":"riddim11"}},{"node":{"name":"riddim12"}},{"node":{"name":"riddim13"}}],"name":"riddim7"}}