{"pageContext":{"isCreatedByStatefulCreatePages":false,"release":{"key":"rr002","cat":"RR002","name":"RR002","releaseDate":"18.01.19","released":true,"info":["K2T and Option make their Riddim Records debut with their slick new track \n  'Restrained Light'. The track instantly grasps the listener's attention with \n  its thought-provoking melodies and deep bassline, embracing you in a warmth of sound.","Adding a darker spin to Restrained Light, artist Narrate breathes new life into the\n     track with his signature blend of deep n' dark drum and bass."],"pic":"rr002Cover.jpg","soundcloud":"<iframe title=\"RR02\" width=\"100%\" height=\"300\" scrolling=\"no\" frameborder=\"no\" allow=\"autoplay\" src=\"https://w.soundcloud.com/player/?url=https%3A//api.soundcloud.com/playlists/645856632&color=%23ff5500&auto_play=false&hide_related=false&show_comments=true&show_user=true&show_reposts=false&show_teaser=true&visual=true\"></iframe>","fanlink":"https://fanlink.to/RR002"}}}