{"pageContext":{"artist":{"key":"mascot","name":"Mascot","social":{"soundcloud":"https://soundcloud.com/djmascot","facebook":"https://www.facebook.com/mascotmusic/","instagram":"https://instagram.com/mascotdnb","aor":"https://soundcloud.com/riddimrecordsuk/aor-mascot-promo"},"info":"Hailing from Cardiff, Max Scott aka Mascot began his journey into the world \n  of drum and bass at an early age. Gripped by the sounds of his inspirations \n  Ed Rush &amp; Calyx and Teebee, the Welshman's passion for music spilled over \n  into DJing in his early teens. Now recognized for his signature blend of deep n' \n  dark dnb, Mascot consistently brings an electric energy to his performances.\n\n  Mascot's versatility as a DJ has allowed him to support some of drum and bass's \n  finest and most established talents, notably; Alix Perez, Bou, Emperor, Hybrid \n  Minds, Kasra, Kings of the Rollers, Lenzman, Levela, LSB, Macky Gee &amp; Phantasy.\n\n  Pursuing his passion for the fast-paced genre even further, Mascot began designing \n  his own brand Riddim Records. The company launched in 2016 and has gone from \n  strength-to-strength to quickly become one of the UK's fastest growing independent \n  drum and bass brands. With performances across the UK and internationally, Riddim \n  Records has already left an imprint on the scene, laying a strong foundation for \n  future success with sights set high among the biggest and best drum and bass brands.\n\n  For bookings, please contact: Ben@riddimrecords.co.uk","pic":"MascotSquare.jpg"}}}