{"data":{"eventsJson":{"key":2,"name":"riddim2","date":"08.09.17","info":"Our next installment of Riddim brings something new to the table. Teaming up with the guys from Flatline, September 8th will be a night to remember with new MCs, new DJs and a new sound system that will blow your mind. ","artists":["Bou","Reload B2B Je3","Ebbens vs Calamity ft. PKT","Low vs Mowgli ft. Chew","Mascot vs Oni","Hosted by Chew, MC XL & PKT"],"location":"<iframe height='90%' width='90%' title='map' src='https://maps.google.com/maps?q=114-116%20hodge%20house&amp;t=&amp;z=12&amp;ie=UTF8&amp;iwloc=&amp;output=embed'/>"}},"pageContext":{"isCreatedByStatefulCreatePages":false,"event":{"name":"riddim2"},"events":[{"node":{"name":"riddim1"}},{"node":{"name":"riddim2"}},{"node":{"name":"riddim3"}},{"node":{"name":"riddim4"}},{"node":{"name":"riddim5"}},{"node":{"name":"riddim6"}},{"node":{"name":"riddim7"}},{"node":{"name":"riddim8"}},{"node":{"name":"riddim9"}},{"node":{"name":"riddim10"}},{"node":{"name":"riddim11"}},{"node":{"name":"riddim12"}},{"node":{"name":"riddim13"}}],"name":"riddim2"}}