{"pageContext":{"artist":{"key":"mowgli","name":"Mowgli","social":{"soundcloud":"https://soundcloud.com/djmowgli1","facebook":"https://www.facebook.com/Mowgli-304202320238348/","aor":"https://soundcloud.com/riddimrecordsuk/aor-mowgli-promo"},"info":"For a relatively small city, Cardiff has churned out some incredible drum and bass \n  artists and Mowgli firmly holds his spot among some of the greatest. Drum and bass \n  has played a pivotal role in Mowgli's life, and, equally, Mowgli has played a pivotal \n  role in the shaping of the Cardiff drum and bass community. With his routes based in \n  dark rollers, and taking influence from a dark and tech-y sound, Mowgli brings a whole \n  new style to his sets.\n\n  Joining the ranks of the Riddim Records artist collective in 2017, Mowgli has \n  represented the brand both up and down the UK and internationally, and will continue \n  to tear up dancefloors for the foreseeable future.","pic":"MowgliSquare.jpg"}}}