{"data":{"artistsJson":{"key":"low","name":"DJ Low","social":{"soundcloud":"https://soundcloud.com/dj-low-15","facebook":"https://www.facebook.com/djlowdnb/","instagram":null,"aor":"https://soundcloud.com/riddimrecordsuk/aor-dj-low-promo"},"info":["DJ Low, a prominent figure in the upcoming drum and bass artist community, has risen through the ranks to be one of Cardiff's most well-known DJs. With an incredible ear for the fast-paced genre, Low has made an appearance at nearly every drum and bass night in Cardiff and has recently gained a place with the Major Bass team as a regular DJ.","Joining the ranks of the Riddim Records artist collective in 2017, DJ Low has represented the brand up and down the UK and will continue to tear up dance-floors for the foreseeable future."],"pic":null}},"pageContext":{"isCreatedByStatefulCreatePages":false,"key":"low"}}