{"pageContext":{"release":{"key":"rr001","name":"RR001","releaseDate":"08.06.18","info":["The team from Riddim Records have been working tirelessly behind the scenes \n  on their first ever release, and it's a big one. Collating the sounds of three \n  of the most promising up-and-comers the drum and bass scene has right now in \n  an action-packed, 3-track E.P under the title Episode 1 ('Ep. 1'). RR's first \n  release hopes to show the diversity that Riddim Records strives to push forward \n  through working with tracks from across the drum and bass spectrum.","The E.P. begins with the sounds of Leeds-based artist Dbrief, who sets us up \n  with his track \"All The 9's\". The track infuses a clear Jungle influence, \n  coupled with a classic Hip-Hop groove. A fresh and recognizable track from the \n  liquid specialist himself.","The second track, created by artist Thread, reflects his unique and \n    forward-thinking approach to drum and bass. 'Mindless' offers its listeners \n    a dark and experimental journey that so perfectly describes its creators taste \n    in the fast-paced genre.","Ep. 1's final track comes from Norwegian artist Yassily. Inherently a techno \n      artist, Yassily's creation 'Expression' provides something a little bit \n      different to the E.P with his hard-hitting sound ending the E.P. with something \n      to get your feet moving."],"pic":"rr001Cover.jpg","soundcloud":"<iframe title=\"RR02\" width=\"100%\" height=\"300\" scrolling=\"no\" frameborder=\"no\" allow=\"autoplay\" src=\"https://w.soundcloud.com/player/?url=https%3A//api.soundcloud.com/playlists/500034594&color=%23ff5500&auto_play=false&hide_related=false&show_comments=true&show_user=true&show_reposts=false&show_teaser=true&visual=true\"></iframe>","fanlink":"https://fanlink.to/RR001"}}}