{"data":{"eventsJson":{"key":6,"name":"riddim6","date":"20.07.18","info":"Our final event of Riddim's 2018 season brings something very special and close to home. Bringing you the sounds of 2 of the UK's most promising DJ's, residents with numerous brands and easily some of the most inspiring talent the scene has to offer; DJ Low and Sinu8. This is a very special event as we'll be witness to DJ Low's first headline gig vs. England's no.1 upcoming DJ, Sinu8!","artists":["Low vs Sinu8","Bass Phase","Obsidian","Ebbens","Mascot","Hosted by PKT"],"location":"<iframe height='90%' width='90%' title='map' src='https://maps.google.com/maps?q=114-116%20hodge%20house&amp;t=&amp;z=12&amp;ie=UTF8&amp;iwloc=&amp;output=embed'/>"}},"pageContext":{"isCreatedByStatefulCreatePages":false,"event":{"name":"riddim6"},"events":[{"node":{"name":"riddim1"}},{"node":{"name":"riddim2"}},{"node":{"name":"riddim3"}},{"node":{"name":"riddim4"}},{"node":{"name":"riddim5"}},{"node":{"name":"riddim6"}},{"node":{"name":"riddim7"}},{"node":{"name":"riddim8"}},{"node":{"name":"riddim9"}},{"node":{"name":"riddim10"}},{"node":{"name":"riddim11"}},{"node":{"name":"riddim12"}},{"node":{"name":"riddim13"}}],"name":"riddim6"}}