{"pageContext":{"event":{"key":13,"name":"riddim13","poster":"Riddim13b.jpeg","date":"05.07.19","info":"Riddim Records is one of the UK's fastest growing independent drum and bass brands bringing their signature, cross-spectrum sound. Expanding out of Cardiff, Riddim Records are venturing to cities across the UK with their unique style and energy.","artists":[],"location":"https://maps.google.com/maps?q=eastnor%20castle%20deer%20park&amp;t=&amp;z=10&amp;ie=UTF8&amp;iwloc=&amp;output=embed"},"events":[{"key":11,"name":"riddim11","poster":"Riddim11.jpg","date":"19.04.19","info":"After an already energetic year, Riddim launches its first solo event of 2019 in the wonderful Clwb Ifor Bach. Bringing you the sounds of the incredible... Technimatic! Hosted by MC Lowqui! We feel truly humbled to be asked to host the Cardiff-leg of Technimatic's album launch tour, and this event is definitely going to be something special.","artists":["Technimatic ft. LowQui Mc","Benji","Wink","Plethora","Psybrations","Hosted by MC XL + Lowqui"],"location":"https://maps.google.com/maps?q=Clwb%20ifor%20Bach&amp;t=&amp;z=10&amp;ie=UTF8&amp;iwloc=&amp;output=embed"},{"key":12,"name":"riddim12","poster":"Riddim12.jpg","date":"15.06.19","info":"Jungle Jam makes its way down to Cardiff for one of its biggest events of the year! Bringing their Jungle flavors with an immersive day party at one of Cardiff's most beloved venues - Tramshed. With a huge line up, music across 2 rooms, and food served throughout the day, we can't wait for this one!","artists":["Ray Keith B2B Bladerunner ft Navigator MC","Serum & Inja","Randall ft. MC Fearless","Unglued (Jungle set)","Kenny Ken & Ragga Twins","Hybrid B2B Lavery ","Deadline (Jungle Set)","Kumarachi","Mascot b2b Benji (Riddim Records)","Hosted by Navigator, Fearless, Inja, XL + Ragga Twins"],"location":"https://maps.google.com/maps?q=Tramshed%20Cardiff&amp;t=&amp;z=10&amp;ie=UTF8&amp;iwloc=&amp;output=embed"},{"key":13,"name":"riddim13","poster":"Riddim13b.jpeg","date":"05.07.19","info":"Riddim Records is one of the UK's fastest growing independent drum and bass brands bringing their signature, cross-spectrum sound. Expanding out of Cardiff, Riddim Records are venturing to cities across the UK with their unique style and energy.","artists":[],"location":"https://maps.google.com/maps?q=eastnor%20castle%20deer%20park&amp;t=&amp;z=10&amp;ie=UTF8&amp;iwloc=&amp;output=embed"}]}}