{"pageContext":{"isCreatedByStatefulCreatePages":false,"release":{"key":"rr003","cat":"RR003","name":"Soul Brothers","releaseDate":"01.03.19","released":true,"info":["Bringing yet even more soulful goodness to Riddim Records, Dbrief delivers his debut EP \n'Soul Brothers' containing 4 refreshing liquid flavours.","Featuring the sounds of Riddim Records newcomer Kawa No Kami, and a creative track rework of Else Skogan's \n'High Expectations', Dbrief is on top form once again. "],"pic":"rr003Cover.jpg","soundcloud":"<iframe title=\"RR003\" width=\"100%\" height=\"300\" scrolling=\"no\" frameborder=\"no\" allow=\"autoplay\" src=\"https://w.soundcloud.com/player/?url=https%3A//api.soundcloud.com/playlists/719984991&color=%23ff5500&auto_play=false&hide_related=false&show_comments=true&show_user=true&show_reposts=false&show_teaser=true&visual=true\"></iframe>","fanlink":"fanlink.to/SoulBrothers"}}}