{"data":{"eventsJson":{"key":4,"name":"riddim4","date":"23.03.18","info":"After a few months of careful planning and silence, Riddim is back for another season of events for 2018. Riddim's main aim this year is to provide the Cardiff drum & bass scene with a bit of variety! We're therefore incredibly proud to bring you one of the biggest names in liquid-drum and bass right now, Best Producer and Best Album nominee at the drum and bass awards (2017), the one and only... Hybrid Minds!","artists":["Hybrid Minds","Mascot","Entakah","JuicE","Ebbens","Sker","Hosted by MC XL"],"location":"<iframe height='90%' width='90%' title='map' src='https://maps.google.com/maps?q=114-116%20hodge%20house&amp;t=&amp;z=12&amp;ie=UTF8&amp;iwloc=&amp;output=embed'/>"}},"pageContext":{"isCreatedByStatefulCreatePages":false,"event":{"name":"riddim4"},"events":[{"node":{"name":"riddim1"}},{"node":{"name":"riddim2"}},{"node":{"name":"riddim3"}},{"node":{"name":"riddim4"}},{"node":{"name":"riddim5"}},{"node":{"name":"riddim6"}},{"node":{"name":"riddim7"}},{"node":{"name":"riddim8"}},{"node":{"name":"riddim9"}},{"node":{"name":"riddim10"}},{"node":{"name":"riddim11"}},{"node":{"name":"riddim12"}},{"node":{"name":"riddim13"}}],"name":"riddim4"}}