{"app":["/app-c2ce1e57c97421d0f353.js"],"component---src-templates-event-js":["/component---src-templates-event-js-15350b821fd96cf8fc01.js"],"component---src-templates-artist-js":["/component---src-templates-artist-js-ba8094e5352212d8b8c5.js"],"component---src-templates-release-js":["/component---src-templates-release-js-ccc4876d7545d3ed3c57.js"],"component---src-pages-about-js":["/component---src-pages-about-js-4fc5389ce0b6bae3b8e2.js"],"component---src-pages-artists-js":["/component---src-pages-artists-js-59df952e3acc60fba0d0.js"],"component---src-pages-contact-js":["/component---src-pages-contact-js-b7da5ed695d957a816f8.js"],"component---src-pages-index-js":["/component---src-pages-index-js-84950cabcfd4b4d9b07f.js"],"component---src-pages-lookbook-js":["/component---src-pages-lookbook-js-18c139944487ba8a3d90.js"],"component---src-pages-music-demos-js":["/component---src-pages-music-demos-js-c3b6158742f766cadb6a.js"],"component---src-pages-music-releases-js":["/component---src-pages-music-releases-js-d4a365ff722f14ad581d.js"],"pages-manifest":["/pages-manifest-bdbdcb62c5ef5e6585e8.js"]}