{"app":["/app-6778465f27e83caa4690.js"],"component---src-templates-event-js":["/component---src-templates-event-js-74abc2490a8bd9dd00e7.js"],"component---src-templates-artist-js":["/component---src-templates-artist-js-c593efb1693ae6d440ec.js"],"component---src-templates-release-js":["/component---src-templates-release-js-884294379bb3b87f8593.js"],"component---src-pages-about-js":["/component---src-pages-about-js-c232c11afef951e05a85.js"],"component---src-pages-artists-js":["/component---src-pages-artists-js-85d72496f833cd61aa09.js"],"component---src-pages-contact-js":["/component---src-pages-contact-js-88c8c41b15851d3a5918.js"],"component---src-pages-index-js":["/component---src-pages-index-js-74ca47d74d7bf5b49bc1.js"],"component---src-pages-lookbook-js":["/component---src-pages-lookbook-js-dcc9c6c7c6bcad300aa5.js"],"component---src-pages-music-demos-js":["/component---src-pages-music-demos-js-ad637e2dcb05a18d5a05.js"],"component---src-pages-music-releases-js":["/component---src-pages-music-releases-js-1e580fa46aba51560963.js"],"pages-manifest":["/pages-manifest-b69805b8a48128f04eac.js"]}