{"app":["/app-c2ce1e57c97421d0f353.js"],"component---src-templates-event-js":["/component---src-templates-event-js-44998037cda475159aa3.js"],"component---src-templates-artist-js":["/component---src-templates-artist-js-f3d1738b4170280c0631.js"],"component---src-templates-release-js":["/component---src-templates-release-js-29f56adcbc45eea23c82.js"],"component---src-pages-about-js":["/component---src-pages-about-js-bec61efb4ce0fdf7bfad.js"],"component---src-pages-artists-js":["/component---src-pages-artists-js-b52311c042dae8928bd6.js"],"component---src-pages-contact-js":["/component---src-pages-contact-js-fa247ebc55baae9273cc.js"],"component---src-pages-index-js":["/component---src-pages-index-js-2dfcd0af2d8a4d3baba2.js"],"component---src-pages-lookbook-js":["/component---src-pages-lookbook-js-0e07d31d4e5dedca952f.js"],"component---src-pages-music-demos-js":["/component---src-pages-music-demos-js-a5d9739b5d7a86e2a01f.js"],"component---src-pages-music-releases-js":["/component---src-pages-music-releases-js-b593a88446a0a48db810.js"],"pages-manifest":["/pages-manifest-bdbdcb62c5ef5e6585e8.js"]}