{"app":["/app-c2ce1e57c97421d0f353.js"],"component---src-templates-event-js":["/component---src-templates-event-js-753c0457db35077565b6.js"],"component---src-templates-artist-js":["/component---src-templates-artist-js-a123f5ce77a5068a0f88.js"],"component---src-templates-release-js":["/component---src-templates-release-js-951dff7944874ea41459.js"],"component---src-pages-about-js":["/component---src-pages-about-js-05fb7b5f603d64bb43f5.js"],"component---src-pages-artists-js":["/component---src-pages-artists-js-e1e389338ca645a6b701.js"],"component---src-pages-contact-js":["/component---src-pages-contact-js-57bdb8a0f48ab9109a74.js"],"component---src-pages-index-js":["/component---src-pages-index-js-856761915ee3cb600814.js"],"component---src-pages-lookbook-js":["/component---src-pages-lookbook-js-573abea81cb217098a7a.js"],"component---src-pages-music-demos-js":["/component---src-pages-music-demos-js-68b88bed4bff1cd44d42.js"],"component---src-pages-music-releases-js":["/component---src-pages-music-releases-js-429ac698a1938b22c1c7.js"],"pages-manifest":["/pages-manifest-bdbdcb62c5ef5e6585e8.js"]}