{"errors":[],"warnings":[],"namedChunkGroups":{"app":{"chunks":[15,3],"assets":["webpack-runtime-16efc95b75867988c9c2.js","webpack-runtime-16efc95b75867988c9c2.js.map","app-c2ce1e57c97421d0f353.js","app-c2ce1e57c97421d0f353.js.map"],"children":{},"childAssets":{}},"component---src-templates-event-js":{"chunks":[0,1,2,12],"assets":["styles.4a15a1e34e77df9354d8.css","styles-91401e63c4ad784dd9e1.js","styles-91401e63c4ad784dd9e1.js.map","1-ababeae4bce7b3f92bbf.js","1-ababeae4bce7b3f92bbf.js.map","2-f417f0d6c0cca400c383.js","2-f417f0d6c0cca400c383.js.map","component---src-templates-event-js-753c0457db35077565b6.js","component---src-templates-event-js-753c0457db35077565b6.js.map"],"children":{},"childAssets":{}},"component---src-templates-artist-js":{"chunks":[0,1,2,11],"assets":["styles.4a15a1e34e77df9354d8.css","styles-91401e63c4ad784dd9e1.js","styles-91401e63c4ad784dd9e1.js.map","1-ababeae4bce7b3f92bbf.js","1-ababeae4bce7b3f92bbf.js.map","2-f417f0d6c0cca400c383.js","2-f417f0d6c0cca400c383.js.map","component---src-templates-artist-js-a123f5ce77a5068a0f88.js","component---src-templates-artist-js-a123f5ce77a5068a0f88.js.map"],"children":{},"childAssets":{}},"component---src-templates-release-js":{"chunks":[0,1,2,13],"assets":["styles.4a15a1e34e77df9354d8.css","styles-91401e63c4ad784dd9e1.js","styles-91401e63c4ad784dd9e1.js.map","1-ababeae4bce7b3f92bbf.js","1-ababeae4bce7b3f92bbf.js.map","2-f417f0d6c0cca400c383.js","2-f417f0d6c0cca400c383.js.map","component---src-templates-release-js-951dff7944874ea41459.js","component---src-templates-release-js-951dff7944874ea41459.js.map"],"children":{},"childAssets":{}},"component---src-pages-about-js":{"chunks":[0,1,2,4],"assets":["styles.4a15a1e34e77df9354d8.css","styles-91401e63c4ad784dd9e1.js","styles-91401e63c4ad784dd9e1.js.map","1-ababeae4bce7b3f92bbf.js","1-ababeae4bce7b3f92bbf.js.map","2-f417f0d6c0cca400c383.js","2-f417f0d6c0cca400c383.js.map","component---src-pages-about-js-05fb7b5f603d64bb43f5.js","component---src-pages-about-js-05fb7b5f603d64bb43f5.js.map"],"children":{},"childAssets":{}},"component---src-pages-artists-js":{"chunks":[0,1,2,5],"assets":["styles.4a15a1e34e77df9354d8.css","styles-91401e63c4ad784dd9e1.js","styles-91401e63c4ad784dd9e1.js.map","1-ababeae4bce7b3f92bbf.js","1-ababeae4bce7b3f92bbf.js.map","2-f417f0d6c0cca400c383.js","2-f417f0d6c0cca400c383.js.map","component---src-pages-artists-js-e1e389338ca645a6b701.js","component---src-pages-artists-js-e1e389338ca645a6b701.js.map"],"children":{},"childAssets":{}},"component---src-pages-contact-js":{"chunks":[0,1,2,6],"assets":["styles.4a15a1e34e77df9354d8.css","styles-91401e63c4ad784dd9e1.js","styles-91401e63c4ad784dd9e1.js.map","1-ababeae4bce7b3f92bbf.js","1-ababeae4bce7b3f92bbf.js.map","2-f417f0d6c0cca400c383.js","2-f417f0d6c0cca400c383.js.map","component---src-pages-contact-js-57bdb8a0f48ab9109a74.js","component---src-pages-contact-js-57bdb8a0f48ab9109a74.js.map"],"children":{},"childAssets":{}},"component---src-pages-index-js":{"chunks":[0,1,2,7],"assets":["styles.4a15a1e34e77df9354d8.css","styles-91401e63c4ad784dd9e1.js","styles-91401e63c4ad784dd9e1.js.map","1-ababeae4bce7b3f92bbf.js","1-ababeae4bce7b3f92bbf.js.map","2-f417f0d6c0cca400c383.js","2-f417f0d6c0cca400c383.js.map","component---src-pages-index-js-856761915ee3cb600814.js","component---src-pages-index-js-856761915ee3cb600814.js.map"],"children":{},"childAssets":{}},"component---src-pages-lookbook-js":{"chunks":[0,1,2,8],"assets":["styles.4a15a1e34e77df9354d8.css","styles-91401e63c4ad784dd9e1.js","styles-91401e63c4ad784dd9e1.js.map","1-ababeae4bce7b3f92bbf.js","1-ababeae4bce7b3f92bbf.js.map","2-f417f0d6c0cca400c383.js","2-f417f0d6c0cca400c383.js.map","component---src-pages-lookbook-js-573abea81cb217098a7a.js","component---src-pages-lookbook-js-573abea81cb217098a7a.js.map"],"children":{},"childAssets":{}},"component---src-pages-music-demos-js":{"chunks":[0,1,2,9],"assets":["styles.4a15a1e34e77df9354d8.css","styles-91401e63c4ad784dd9e1.js","styles-91401e63c4ad784dd9e1.js.map","1-ababeae4bce7b3f92bbf.js","1-ababeae4bce7b3f92bbf.js.map","2-f417f0d6c0cca400c383.js","2-f417f0d6c0cca400c383.js.map","component---src-pages-music-demos-js-68b88bed4bff1cd44d42.js","component---src-pages-music-demos-js-68b88bed4bff1cd44d42.js.map"],"children":{},"childAssets":{}},"component---src-pages-music-releases-js":{"chunks":[0,1,10],"assets":["styles.4a15a1e34e77df9354d8.css","styles-91401e63c4ad784dd9e1.js","styles-91401e63c4ad784dd9e1.js.map","1-ababeae4bce7b3f92bbf.js","1-ababeae4bce7b3f92bbf.js.map","component---src-pages-music-releases-js-429ac698a1938b22c1c7.js","component---src-pages-music-releases-js-429ac698a1938b22c1c7.js.map"],"children":{},"childAssets":{}},"pages-manifest":{"chunks":[14],"assets":["pages-manifest-bdbdcb62c5ef5e6585e8.js","pages-manifest-bdbdcb62c5ef5e6585e8.js.map"],"children":{},"childAssets":{}}},"assetsByChunkName":{"app":["webpack-runtime-16efc95b75867988c9c2.js","app-c2ce1e57c97421d0f353.js"],"component---src-templates-event-js":["styles.4a15a1e34e77df9354d8.css","styles-91401e63c4ad784dd9e1.js","1-ababeae4bce7b3f92bbf.js","2-f417f0d6c0cca400c383.js","component---src-templates-event-js-753c0457db35077565b6.js"],"component---src-templates-artist-js":["styles.4a15a1e34e77df9354d8.css","styles-91401e63c4ad784dd9e1.js","1-ababeae4bce7b3f92bbf.js","2-f417f0d6c0cca400c383.js","component---src-templates-artist-js-a123f5ce77a5068a0f88.js"],"component---src-templates-release-js":["styles.4a15a1e34e77df9354d8.css","styles-91401e63c4ad784dd9e1.js","1-ababeae4bce7b3f92bbf.js","2-f417f0d6c0cca400c383.js","component---src-templates-release-js-951dff7944874ea41459.js"],"component---src-pages-about-js":["styles.4a15a1e34e77df9354d8.css","styles-91401e63c4ad784dd9e1.js","1-ababeae4bce7b3f92bbf.js","2-f417f0d6c0cca400c383.js","component---src-pages-about-js-05fb7b5f603d64bb43f5.js"],"component---src-pages-artists-js":["styles.4a15a1e34e77df9354d8.css","styles-91401e63c4ad784dd9e1.js","1-ababeae4bce7b3f92bbf.js","2-f417f0d6c0cca400c383.js","component---src-pages-artists-js-e1e389338ca645a6b701.js"],"component---src-pages-contact-js":["styles.4a15a1e34e77df9354d8.css","styles-91401e63c4ad784dd9e1.js","1-ababeae4bce7b3f92bbf.js","2-f417f0d6c0cca400c383.js","component---src-pages-contact-js-57bdb8a0f48ab9109a74.js"],"component---src-pages-index-js":["styles.4a15a1e34e77df9354d8.css","styles-91401e63c4ad784dd9e1.js","1-ababeae4bce7b3f92bbf.js","2-f417f0d6c0cca400c383.js","component---src-pages-index-js-856761915ee3cb600814.js"],"component---src-pages-lookbook-js":["styles.4a15a1e34e77df9354d8.css","styles-91401e63c4ad784dd9e1.js","1-ababeae4bce7b3f92bbf.js","2-f417f0d6c0cca400c383.js","component---src-pages-lookbook-js-573abea81cb217098a7a.js"],"component---src-pages-music-demos-js":["styles.4a15a1e34e77df9354d8.css","styles-91401e63c4ad784dd9e1.js","1-ababeae4bce7b3f92bbf.js","2-f417f0d6c0cca400c383.js","component---src-pages-music-demos-js-68b88bed4bff1cd44d42.js"],"component---src-pages-music-releases-js":["styles.4a15a1e34e77df9354d8.css","styles-91401e63c4ad784dd9e1.js","1-ababeae4bce7b3f92bbf.js","component---src-pages-music-releases-js-429ac698a1938b22c1c7.js"],"pages-manifest":["pages-manifest-bdbdcb62c5ef5e6585e8.js"]}}