{"errors":[],"warnings":[],"namedChunkGroups":{"app":{"chunks":[15,3],"assets":["webpack-runtime-260742ba9adc74daca91.js","webpack-runtime-260742ba9adc74daca91.js.map","app-c2ce1e57c97421d0f353.js","app-c2ce1e57c97421d0f353.js.map"],"children":{},"childAssets":{}},"component---src-templates-event-js":{"chunks":[0,1,2,12],"assets":["styles.26eed86a80b633a48f48.css","styles-765ea58a946b76345d74.js","styles-765ea58a946b76345d74.js.map","1-bbebee543bfc94999162.js","1-bbebee543bfc94999162.js.map","2-00e14df98c102040f806.js","2-00e14df98c102040f806.js.map","component---src-templates-event-js-15350b821fd96cf8fc01.js","component---src-templates-event-js-15350b821fd96cf8fc01.js.map"],"children":{},"childAssets":{}},"component---src-templates-artist-js":{"chunks":[0,1,2,11],"assets":["styles.26eed86a80b633a48f48.css","styles-765ea58a946b76345d74.js","styles-765ea58a946b76345d74.js.map","1-bbebee543bfc94999162.js","1-bbebee543bfc94999162.js.map","2-00e14df98c102040f806.js","2-00e14df98c102040f806.js.map","component---src-templates-artist-js-ba8094e5352212d8b8c5.js","component---src-templates-artist-js-ba8094e5352212d8b8c5.js.map"],"children":{},"childAssets":{}},"component---src-templates-release-js":{"chunks":[0,1,2,13],"assets":["styles.26eed86a80b633a48f48.css","styles-765ea58a946b76345d74.js","styles-765ea58a946b76345d74.js.map","1-bbebee543bfc94999162.js","1-bbebee543bfc94999162.js.map","2-00e14df98c102040f806.js","2-00e14df98c102040f806.js.map","component---src-templates-release-js-ccc4876d7545d3ed3c57.js","component---src-templates-release-js-ccc4876d7545d3ed3c57.js.map"],"children":{},"childAssets":{}},"component---src-pages-about-js":{"chunks":[0,1,2,4],"assets":["styles.26eed86a80b633a48f48.css","styles-765ea58a946b76345d74.js","styles-765ea58a946b76345d74.js.map","1-bbebee543bfc94999162.js","1-bbebee543bfc94999162.js.map","2-00e14df98c102040f806.js","2-00e14df98c102040f806.js.map","component---src-pages-about-js-4fc5389ce0b6bae3b8e2.js","component---src-pages-about-js-4fc5389ce0b6bae3b8e2.js.map"],"children":{},"childAssets":{}},"component---src-pages-artists-js":{"chunks":[0,1,2,5],"assets":["styles.26eed86a80b633a48f48.css","styles-765ea58a946b76345d74.js","styles-765ea58a946b76345d74.js.map","1-bbebee543bfc94999162.js","1-bbebee543bfc94999162.js.map","2-00e14df98c102040f806.js","2-00e14df98c102040f806.js.map","component---src-pages-artists-js-59df952e3acc60fba0d0.js","component---src-pages-artists-js-59df952e3acc60fba0d0.js.map"],"children":{},"childAssets":{}},"component---src-pages-contact-js":{"chunks":[0,1,2,6],"assets":["styles.26eed86a80b633a48f48.css","styles-765ea58a946b76345d74.js","styles-765ea58a946b76345d74.js.map","1-bbebee543bfc94999162.js","1-bbebee543bfc94999162.js.map","2-00e14df98c102040f806.js","2-00e14df98c102040f806.js.map","component---src-pages-contact-js-b7da5ed695d957a816f8.js","component---src-pages-contact-js-b7da5ed695d957a816f8.js.map"],"children":{},"childAssets":{}},"component---src-pages-index-js":{"chunks":[0,1,2,7],"assets":["styles.26eed86a80b633a48f48.css","styles-765ea58a946b76345d74.js","styles-765ea58a946b76345d74.js.map","1-bbebee543bfc94999162.js","1-bbebee543bfc94999162.js.map","2-00e14df98c102040f806.js","2-00e14df98c102040f806.js.map","component---src-pages-index-js-84950cabcfd4b4d9b07f.js","component---src-pages-index-js-84950cabcfd4b4d9b07f.js.map"],"children":{},"childAssets":{}},"component---src-pages-lookbook-js":{"chunks":[0,1,2,8],"assets":["styles.26eed86a80b633a48f48.css","styles-765ea58a946b76345d74.js","styles-765ea58a946b76345d74.js.map","1-bbebee543bfc94999162.js","1-bbebee543bfc94999162.js.map","2-00e14df98c102040f806.js","2-00e14df98c102040f806.js.map","component---src-pages-lookbook-js-18c139944487ba8a3d90.js","component---src-pages-lookbook-js-18c139944487ba8a3d90.js.map"],"children":{},"childAssets":{}},"component---src-pages-music-demos-js":{"chunks":[0,1,2,9],"assets":["styles.26eed86a80b633a48f48.css","styles-765ea58a946b76345d74.js","styles-765ea58a946b76345d74.js.map","1-bbebee543bfc94999162.js","1-bbebee543bfc94999162.js.map","2-00e14df98c102040f806.js","2-00e14df98c102040f806.js.map","component---src-pages-music-demos-js-c3b6158742f766cadb6a.js","component---src-pages-music-demos-js-c3b6158742f766cadb6a.js.map"],"children":{},"childAssets":{}},"component---src-pages-music-releases-js":{"chunks":[0,1,10],"assets":["styles.26eed86a80b633a48f48.css","styles-765ea58a946b76345d74.js","styles-765ea58a946b76345d74.js.map","1-bbebee543bfc94999162.js","1-bbebee543bfc94999162.js.map","component---src-pages-music-releases-js-d4a365ff722f14ad581d.js","component---src-pages-music-releases-js-d4a365ff722f14ad581d.js.map"],"children":{},"childAssets":{}},"pages-manifest":{"chunks":[14],"assets":["pages-manifest-bdbdcb62c5ef5e6585e8.js","pages-manifest-bdbdcb62c5ef5e6585e8.js.map"],"children":{},"childAssets":{}}},"assetsByChunkName":{"app":["webpack-runtime-260742ba9adc74daca91.js","app-c2ce1e57c97421d0f353.js"],"component---src-templates-event-js":["styles.26eed86a80b633a48f48.css","styles-765ea58a946b76345d74.js","1-bbebee543bfc94999162.js","2-00e14df98c102040f806.js","component---src-templates-event-js-15350b821fd96cf8fc01.js"],"component---src-templates-artist-js":["styles.26eed86a80b633a48f48.css","styles-765ea58a946b76345d74.js","1-bbebee543bfc94999162.js","2-00e14df98c102040f806.js","component---src-templates-artist-js-ba8094e5352212d8b8c5.js"],"component---src-templates-release-js":["styles.26eed86a80b633a48f48.css","styles-765ea58a946b76345d74.js","1-bbebee543bfc94999162.js","2-00e14df98c102040f806.js","component---src-templates-release-js-ccc4876d7545d3ed3c57.js"],"component---src-pages-about-js":["styles.26eed86a80b633a48f48.css","styles-765ea58a946b76345d74.js","1-bbebee543bfc94999162.js","2-00e14df98c102040f806.js","component---src-pages-about-js-4fc5389ce0b6bae3b8e2.js"],"component---src-pages-artists-js":["styles.26eed86a80b633a48f48.css","styles-765ea58a946b76345d74.js","1-bbebee543bfc94999162.js","2-00e14df98c102040f806.js","component---src-pages-artists-js-59df952e3acc60fba0d0.js"],"component---src-pages-contact-js":["styles.26eed86a80b633a48f48.css","styles-765ea58a946b76345d74.js","1-bbebee543bfc94999162.js","2-00e14df98c102040f806.js","component---src-pages-contact-js-b7da5ed695d957a816f8.js"],"component---src-pages-index-js":["styles.26eed86a80b633a48f48.css","styles-765ea58a946b76345d74.js","1-bbebee543bfc94999162.js","2-00e14df98c102040f806.js","component---src-pages-index-js-84950cabcfd4b4d9b07f.js"],"component---src-pages-lookbook-js":["styles.26eed86a80b633a48f48.css","styles-765ea58a946b76345d74.js","1-bbebee543bfc94999162.js","2-00e14df98c102040f806.js","component---src-pages-lookbook-js-18c139944487ba8a3d90.js"],"component---src-pages-music-demos-js":["styles.26eed86a80b633a48f48.css","styles-765ea58a946b76345d74.js","1-bbebee543bfc94999162.js","2-00e14df98c102040f806.js","component---src-pages-music-demos-js-c3b6158742f766cadb6a.js"],"component---src-pages-music-releases-js":["styles.26eed86a80b633a48f48.css","styles-765ea58a946b76345d74.js","1-bbebee543bfc94999162.js","component---src-pages-music-releases-js-d4a365ff722f14ad581d.js"],"pages-manifest":["pages-manifest-bdbdcb62c5ef5e6585e8.js"]}}