{"errors":[],"warnings":[],"namedChunkGroups":{"app":{"chunks":[15,3],"assets":["webpack-runtime-63e98c6128836f86b79c.js","webpack-runtime-63e98c6128836f86b79c.js.map","app-a3aa46a883b123485823.js","app-a3aa46a883b123485823.js.map"],"children":{},"childAssets":{}},"component---src-templates-event-js":{"chunks":[0,1,2,12],"assets":["styles.1ff5251f12a914779edf.css","styles-c89972339ccc61496db3.js","styles-c89972339ccc61496db3.js.map","1-5839abe755fc7872c9f1.js","1-5839abe755fc7872c9f1.js.map","2-196e6b2146e21c0337e5.js","2-196e6b2146e21c0337e5.js.map","component---src-templates-event-js-165a9ad6d4c27dbe97ae.js","component---src-templates-event-js-165a9ad6d4c27dbe97ae.js.map"],"children":{},"childAssets":{}},"component---src-templates-artist-js":{"chunks":[0,1,2,11],"assets":["styles.1ff5251f12a914779edf.css","styles-c89972339ccc61496db3.js","styles-c89972339ccc61496db3.js.map","1-5839abe755fc7872c9f1.js","1-5839abe755fc7872c9f1.js.map","2-196e6b2146e21c0337e5.js","2-196e6b2146e21c0337e5.js.map","component---src-templates-artist-js-fc5f23334d68b7757a3a.js","component---src-templates-artist-js-fc5f23334d68b7757a3a.js.map"],"children":{},"childAssets":{}},"component---src-templates-release-js":{"chunks":[0,1,2,13],"assets":["styles.1ff5251f12a914779edf.css","styles-c89972339ccc61496db3.js","styles-c89972339ccc61496db3.js.map","1-5839abe755fc7872c9f1.js","1-5839abe755fc7872c9f1.js.map","2-196e6b2146e21c0337e5.js","2-196e6b2146e21c0337e5.js.map","component---src-templates-release-js-30b0773de5906daf577f.js","component---src-templates-release-js-30b0773de5906daf577f.js.map"],"children":{},"childAssets":{}},"component---src-pages-about-js":{"chunks":[0,1,2,4],"assets":["styles.1ff5251f12a914779edf.css","styles-c89972339ccc61496db3.js","styles-c89972339ccc61496db3.js.map","1-5839abe755fc7872c9f1.js","1-5839abe755fc7872c9f1.js.map","2-196e6b2146e21c0337e5.js","2-196e6b2146e21c0337e5.js.map","component---src-pages-about-js-b2a08a91f16a94dd4eca.js","component---src-pages-about-js-b2a08a91f16a94dd4eca.js.map"],"children":{},"childAssets":{}},"component---src-pages-artists-js":{"chunks":[0,1,2,5],"assets":["styles.1ff5251f12a914779edf.css","styles-c89972339ccc61496db3.js","styles-c89972339ccc61496db3.js.map","1-5839abe755fc7872c9f1.js","1-5839abe755fc7872c9f1.js.map","2-196e6b2146e21c0337e5.js","2-196e6b2146e21c0337e5.js.map","component---src-pages-artists-js-cb3bd3c4dcdc4ef89042.js","component---src-pages-artists-js-cb3bd3c4dcdc4ef89042.js.map"],"children":{},"childAssets":{}},"component---src-pages-contact-js":{"chunks":[0,1,6],"assets":["styles.1ff5251f12a914779edf.css","styles-c89972339ccc61496db3.js","styles-c89972339ccc61496db3.js.map","1-5839abe755fc7872c9f1.js","1-5839abe755fc7872c9f1.js.map","component---src-pages-contact-js-c18dbd84bafc698268ee.js","component---src-pages-contact-js-c18dbd84bafc698268ee.js.map"],"children":{},"childAssets":{}},"component---src-pages-index-js":{"chunks":[0,1,2,7],"assets":["styles.1ff5251f12a914779edf.css","styles-c89972339ccc61496db3.js","styles-c89972339ccc61496db3.js.map","1-5839abe755fc7872c9f1.js","1-5839abe755fc7872c9f1.js.map","2-196e6b2146e21c0337e5.js","2-196e6b2146e21c0337e5.js.map","component---src-pages-index-js-8d23bbf2b0f93d4214a9.js","component---src-pages-index-js-8d23bbf2b0f93d4214a9.js.map"],"children":{},"childAssets":{}},"component---src-pages-lookbook-js":{"chunks":[0,1,2,8],"assets":["styles.1ff5251f12a914779edf.css","styles-c89972339ccc61496db3.js","styles-c89972339ccc61496db3.js.map","1-5839abe755fc7872c9f1.js","1-5839abe755fc7872c9f1.js.map","2-196e6b2146e21c0337e5.js","2-196e6b2146e21c0337e5.js.map","component---src-pages-lookbook-js-1e0d3ea483b4a9afd1ea.js","component---src-pages-lookbook-js-1e0d3ea483b4a9afd1ea.js.map"],"children":{},"childAssets":{}},"component---src-pages-music-demos-js":{"chunks":[0,1,9],"assets":["styles.1ff5251f12a914779edf.css","styles-c89972339ccc61496db3.js","styles-c89972339ccc61496db3.js.map","1-5839abe755fc7872c9f1.js","1-5839abe755fc7872c9f1.js.map","component---src-pages-music-demos-js-8eed3261c98dc68657c4.js","component---src-pages-music-demos-js-8eed3261c98dc68657c4.js.map"],"children":{},"childAssets":{}},"component---src-pages-music-releases-js":{"chunks":[0,1,2,10],"assets":["styles.1ff5251f12a914779edf.css","styles-c89972339ccc61496db3.js","styles-c89972339ccc61496db3.js.map","1-5839abe755fc7872c9f1.js","1-5839abe755fc7872c9f1.js.map","2-196e6b2146e21c0337e5.js","2-196e6b2146e21c0337e5.js.map","component---src-pages-music-releases-js-545ce9f79ec1077d207d.js","component---src-pages-music-releases-js-545ce9f79ec1077d207d.js.map"],"children":{},"childAssets":{}},"pages-manifest":{"chunks":[14],"assets":["pages-manifest-6d5c353cc13fd2da1fce.js","pages-manifest-6d5c353cc13fd2da1fce.js.map"],"children":{},"childAssets":{}}},"assetsByChunkName":{"app":["webpack-runtime-63e98c6128836f86b79c.js","app-a3aa46a883b123485823.js"],"component---src-templates-event-js":["styles.1ff5251f12a914779edf.css","styles-c89972339ccc61496db3.js","1-5839abe755fc7872c9f1.js","2-196e6b2146e21c0337e5.js","component---src-templates-event-js-165a9ad6d4c27dbe97ae.js"],"component---src-templates-artist-js":["styles.1ff5251f12a914779edf.css","styles-c89972339ccc61496db3.js","1-5839abe755fc7872c9f1.js","2-196e6b2146e21c0337e5.js","component---src-templates-artist-js-fc5f23334d68b7757a3a.js"],"component---src-templates-release-js":["styles.1ff5251f12a914779edf.css","styles-c89972339ccc61496db3.js","1-5839abe755fc7872c9f1.js","2-196e6b2146e21c0337e5.js","component---src-templates-release-js-30b0773de5906daf577f.js"],"component---src-pages-about-js":["styles.1ff5251f12a914779edf.css","styles-c89972339ccc61496db3.js","1-5839abe755fc7872c9f1.js","2-196e6b2146e21c0337e5.js","component---src-pages-about-js-b2a08a91f16a94dd4eca.js"],"component---src-pages-artists-js":["styles.1ff5251f12a914779edf.css","styles-c89972339ccc61496db3.js","1-5839abe755fc7872c9f1.js","2-196e6b2146e21c0337e5.js","component---src-pages-artists-js-cb3bd3c4dcdc4ef89042.js"],"component---src-pages-contact-js":["styles.1ff5251f12a914779edf.css","styles-c89972339ccc61496db3.js","1-5839abe755fc7872c9f1.js","component---src-pages-contact-js-c18dbd84bafc698268ee.js"],"component---src-pages-index-js":["styles.1ff5251f12a914779edf.css","styles-c89972339ccc61496db3.js","1-5839abe755fc7872c9f1.js","2-196e6b2146e21c0337e5.js","component---src-pages-index-js-8d23bbf2b0f93d4214a9.js"],"component---src-pages-lookbook-js":["styles.1ff5251f12a914779edf.css","styles-c89972339ccc61496db3.js","1-5839abe755fc7872c9f1.js","2-196e6b2146e21c0337e5.js","component---src-pages-lookbook-js-1e0d3ea483b4a9afd1ea.js"],"component---src-pages-music-demos-js":["styles.1ff5251f12a914779edf.css","styles-c89972339ccc61496db3.js","1-5839abe755fc7872c9f1.js","component---src-pages-music-demos-js-8eed3261c98dc68657c4.js"],"component---src-pages-music-releases-js":["styles.1ff5251f12a914779edf.css","styles-c89972339ccc61496db3.js","1-5839abe755fc7872c9f1.js","2-196e6b2146e21c0337e5.js","component---src-pages-music-releases-js-545ce9f79ec1077d207d.js"],"pages-manifest":["pages-manifest-6d5c353cc13fd2da1fce.js"]}}