{"errors":[],"warnings":[],"namedChunkGroups":{"app":{"chunks":[16,4],"assets":["webpack-runtime-23f2e843f067fc5887b5.js","webpack-runtime-23f2e843f067fc5887b5.js.map","app-6778465f27e83caa4690.js","app-6778465f27e83caa4690.js.map"],"children":{},"childAssets":{}},"component---src-templates-event-js":{"chunks":[0,1,3,2,13],"assets":["styles.4a15a1e34e77df9354d8.css","styles-eaa5b58d0d36fa7be105.js","styles-eaa5b58d0d36fa7be105.js.map","1-a5ac18ffd0b2296b8604.js","1-a5ac18ffd0b2296b8604.js.map","3-5eff83f6b2b2c9039092.js","3-5eff83f6b2b2c9039092.js.map","2-5fd0c8b79ac16a32c984.js","2-5fd0c8b79ac16a32c984.js.map","component---src-templates-event-js-74abc2490a8bd9dd00e7.js","component---src-templates-event-js-74abc2490a8bd9dd00e7.js.map"],"children":{},"childAssets":{}},"component---src-templates-artist-js":{"chunks":[0,1,3,2,12],"assets":["styles.4a15a1e34e77df9354d8.css","styles-eaa5b58d0d36fa7be105.js","styles-eaa5b58d0d36fa7be105.js.map","1-a5ac18ffd0b2296b8604.js","1-a5ac18ffd0b2296b8604.js.map","3-5eff83f6b2b2c9039092.js","3-5eff83f6b2b2c9039092.js.map","2-5fd0c8b79ac16a32c984.js","2-5fd0c8b79ac16a32c984.js.map","component---src-templates-artist-js-c593efb1693ae6d440ec.js","component---src-templates-artist-js-c593efb1693ae6d440ec.js.map"],"children":{},"childAssets":{}},"component---src-templates-release-js":{"chunks":[0,1,3,2,14],"assets":["styles.4a15a1e34e77df9354d8.css","styles-eaa5b58d0d36fa7be105.js","styles-eaa5b58d0d36fa7be105.js.map","1-a5ac18ffd0b2296b8604.js","1-a5ac18ffd0b2296b8604.js.map","3-5eff83f6b2b2c9039092.js","3-5eff83f6b2b2c9039092.js.map","2-5fd0c8b79ac16a32c984.js","2-5fd0c8b79ac16a32c984.js.map","component---src-templates-release-js-884294379bb3b87f8593.js","component---src-templates-release-js-884294379bb3b87f8593.js.map"],"children":{},"childAssets":{}},"component---src-pages-about-js":{"chunks":[0,1,3,2,5],"assets":["styles.4a15a1e34e77df9354d8.css","styles-eaa5b58d0d36fa7be105.js","styles-eaa5b58d0d36fa7be105.js.map","1-a5ac18ffd0b2296b8604.js","1-a5ac18ffd0b2296b8604.js.map","3-5eff83f6b2b2c9039092.js","3-5eff83f6b2b2c9039092.js.map","2-5fd0c8b79ac16a32c984.js","2-5fd0c8b79ac16a32c984.js.map","component---src-pages-about-js-c232c11afef951e05a85.js","component---src-pages-about-js-c232c11afef951e05a85.js.map"],"children":{},"childAssets":{}},"component---src-pages-artists-js":{"chunks":[0,1,3,2,6],"assets":["styles.4a15a1e34e77df9354d8.css","styles-eaa5b58d0d36fa7be105.js","styles-eaa5b58d0d36fa7be105.js.map","1-a5ac18ffd0b2296b8604.js","1-a5ac18ffd0b2296b8604.js.map","3-5eff83f6b2b2c9039092.js","3-5eff83f6b2b2c9039092.js.map","2-5fd0c8b79ac16a32c984.js","2-5fd0c8b79ac16a32c984.js.map","component---src-pages-artists-js-85d72496f833cd61aa09.js","component---src-pages-artists-js-85d72496f833cd61aa09.js.map"],"children":{},"childAssets":{}},"component---src-pages-contact-js":{"chunks":[0,1,3,2,7],"assets":["styles.4a15a1e34e77df9354d8.css","styles-eaa5b58d0d36fa7be105.js","styles-eaa5b58d0d36fa7be105.js.map","1-a5ac18ffd0b2296b8604.js","1-a5ac18ffd0b2296b8604.js.map","3-5eff83f6b2b2c9039092.js","3-5eff83f6b2b2c9039092.js.map","2-5fd0c8b79ac16a32c984.js","2-5fd0c8b79ac16a32c984.js.map","component---src-pages-contact-js-88c8c41b15851d3a5918.js","component---src-pages-contact-js-88c8c41b15851d3a5918.js.map"],"children":{},"childAssets":{}},"component---src-pages-index-js":{"chunks":[0,1,3,2,8],"assets":["styles.4a15a1e34e77df9354d8.css","styles-eaa5b58d0d36fa7be105.js","styles-eaa5b58d0d36fa7be105.js.map","1-a5ac18ffd0b2296b8604.js","1-a5ac18ffd0b2296b8604.js.map","3-5eff83f6b2b2c9039092.js","3-5eff83f6b2b2c9039092.js.map","2-5fd0c8b79ac16a32c984.js","2-5fd0c8b79ac16a32c984.js.map","component---src-pages-index-js-74ca47d74d7bf5b49bc1.js","component---src-pages-index-js-74ca47d74d7bf5b49bc1.js.map"],"children":{},"childAssets":{}},"component---src-pages-lookbook-js":{"chunks":[0,1,3,2,9],"assets":["styles.4a15a1e34e77df9354d8.css","styles-eaa5b58d0d36fa7be105.js","styles-eaa5b58d0d36fa7be105.js.map","1-a5ac18ffd0b2296b8604.js","1-a5ac18ffd0b2296b8604.js.map","3-5eff83f6b2b2c9039092.js","3-5eff83f6b2b2c9039092.js.map","2-5fd0c8b79ac16a32c984.js","2-5fd0c8b79ac16a32c984.js.map","component---src-pages-lookbook-js-dcc9c6c7c6bcad300aa5.js","component---src-pages-lookbook-js-dcc9c6c7c6bcad300aa5.js.map"],"children":{},"childAssets":{}},"component---src-pages-music-demos-js":{"chunks":[0,1,3,2,10],"assets":["styles.4a15a1e34e77df9354d8.css","styles-eaa5b58d0d36fa7be105.js","styles-eaa5b58d0d36fa7be105.js.map","1-a5ac18ffd0b2296b8604.js","1-a5ac18ffd0b2296b8604.js.map","3-5eff83f6b2b2c9039092.js","3-5eff83f6b2b2c9039092.js.map","2-5fd0c8b79ac16a32c984.js","2-5fd0c8b79ac16a32c984.js.map","component---src-pages-music-demos-js-ad637e2dcb05a18d5a05.js","component---src-pages-music-demos-js-ad637e2dcb05a18d5a05.js.map"],"children":{},"childAssets":{}},"component---src-pages-music-releases-js":{"chunks":[0,1,2,11],"assets":["styles.4a15a1e34e77df9354d8.css","styles-eaa5b58d0d36fa7be105.js","styles-eaa5b58d0d36fa7be105.js.map","1-a5ac18ffd0b2296b8604.js","1-a5ac18ffd0b2296b8604.js.map","2-5fd0c8b79ac16a32c984.js","2-5fd0c8b79ac16a32c984.js.map","component---src-pages-music-releases-js-1e580fa46aba51560963.js","component---src-pages-music-releases-js-1e580fa46aba51560963.js.map"],"children":{},"childAssets":{}},"pages-manifest":{"chunks":[15],"assets":["pages-manifest-b69805b8a48128f04eac.js","pages-manifest-b69805b8a48128f04eac.js.map"],"children":{},"childAssets":{}}},"assetsByChunkName":{"app":["webpack-runtime-23f2e843f067fc5887b5.js","app-6778465f27e83caa4690.js"],"component---src-templates-event-js":["styles.4a15a1e34e77df9354d8.css","styles-eaa5b58d0d36fa7be105.js","1-a5ac18ffd0b2296b8604.js","3-5eff83f6b2b2c9039092.js","2-5fd0c8b79ac16a32c984.js","component---src-templates-event-js-74abc2490a8bd9dd00e7.js"],"component---src-templates-artist-js":["styles.4a15a1e34e77df9354d8.css","styles-eaa5b58d0d36fa7be105.js","1-a5ac18ffd0b2296b8604.js","3-5eff83f6b2b2c9039092.js","2-5fd0c8b79ac16a32c984.js","component---src-templates-artist-js-c593efb1693ae6d440ec.js"],"component---src-templates-release-js":["styles.4a15a1e34e77df9354d8.css","styles-eaa5b58d0d36fa7be105.js","1-a5ac18ffd0b2296b8604.js","3-5eff83f6b2b2c9039092.js","2-5fd0c8b79ac16a32c984.js","component---src-templates-release-js-884294379bb3b87f8593.js"],"component---src-pages-about-js":["styles.4a15a1e34e77df9354d8.css","styles-eaa5b58d0d36fa7be105.js","1-a5ac18ffd0b2296b8604.js","3-5eff83f6b2b2c9039092.js","2-5fd0c8b79ac16a32c984.js","component---src-pages-about-js-c232c11afef951e05a85.js"],"component---src-pages-artists-js":["styles.4a15a1e34e77df9354d8.css","styles-eaa5b58d0d36fa7be105.js","1-a5ac18ffd0b2296b8604.js","3-5eff83f6b2b2c9039092.js","2-5fd0c8b79ac16a32c984.js","component---src-pages-artists-js-85d72496f833cd61aa09.js"],"component---src-pages-contact-js":["styles.4a15a1e34e77df9354d8.css","styles-eaa5b58d0d36fa7be105.js","1-a5ac18ffd0b2296b8604.js","3-5eff83f6b2b2c9039092.js","2-5fd0c8b79ac16a32c984.js","component---src-pages-contact-js-88c8c41b15851d3a5918.js"],"component---src-pages-index-js":["styles.4a15a1e34e77df9354d8.css","styles-eaa5b58d0d36fa7be105.js","1-a5ac18ffd0b2296b8604.js","3-5eff83f6b2b2c9039092.js","2-5fd0c8b79ac16a32c984.js","component---src-pages-index-js-74ca47d74d7bf5b49bc1.js"],"component---src-pages-lookbook-js":["styles.4a15a1e34e77df9354d8.css","styles-eaa5b58d0d36fa7be105.js","1-a5ac18ffd0b2296b8604.js","3-5eff83f6b2b2c9039092.js","2-5fd0c8b79ac16a32c984.js","component---src-pages-lookbook-js-dcc9c6c7c6bcad300aa5.js"],"component---src-pages-music-demos-js":["styles.4a15a1e34e77df9354d8.css","styles-eaa5b58d0d36fa7be105.js","1-a5ac18ffd0b2296b8604.js","3-5eff83f6b2b2c9039092.js","2-5fd0c8b79ac16a32c984.js","component---src-pages-music-demos-js-ad637e2dcb05a18d5a05.js"],"component---src-pages-music-releases-js":["styles.4a15a1e34e77df9354d8.css","styles-eaa5b58d0d36fa7be105.js","1-a5ac18ffd0b2296b8604.js","2-5fd0c8b79ac16a32c984.js","component---src-pages-music-releases-js-1e580fa46aba51560963.js"],"pages-manifest":["pages-manifest-b69805b8a48128f04eac.js"]}}