{"errors":[],"warnings":[],"namedChunkGroups":{"app":{"chunks":[15,3],"assets":["webpack-runtime-1e230909ab5ed247a4d6.js","webpack-runtime-1e230909ab5ed247a4d6.js.map","app-c2ce1e57c97421d0f353.js","app-c2ce1e57c97421d0f353.js.map"],"children":{},"childAssets":{}},"component---src-templates-event-js":{"chunks":[0,1,2,12],"assets":["styles.4a15a1e34e77df9354d8.css","styles-91401e63c4ad784dd9e1.js","styles-91401e63c4ad784dd9e1.js.map","1-ababeae4bce7b3f92bbf.js","1-ababeae4bce7b3f92bbf.js.map","2-f417f0d6c0cca400c383.js","2-f417f0d6c0cca400c383.js.map","component---src-templates-event-js-44998037cda475159aa3.js","component---src-templates-event-js-44998037cda475159aa3.js.map"],"children":{},"childAssets":{}},"component---src-templates-artist-js":{"chunks":[0,1,2,11],"assets":["styles.4a15a1e34e77df9354d8.css","styles-91401e63c4ad784dd9e1.js","styles-91401e63c4ad784dd9e1.js.map","1-ababeae4bce7b3f92bbf.js","1-ababeae4bce7b3f92bbf.js.map","2-f417f0d6c0cca400c383.js","2-f417f0d6c0cca400c383.js.map","component---src-templates-artist-js-f3d1738b4170280c0631.js","component---src-templates-artist-js-f3d1738b4170280c0631.js.map"],"children":{},"childAssets":{}},"component---src-templates-release-js":{"chunks":[0,1,2,13],"assets":["styles.4a15a1e34e77df9354d8.css","styles-91401e63c4ad784dd9e1.js","styles-91401e63c4ad784dd9e1.js.map","1-ababeae4bce7b3f92bbf.js","1-ababeae4bce7b3f92bbf.js.map","2-f417f0d6c0cca400c383.js","2-f417f0d6c0cca400c383.js.map","component---src-templates-release-js-29f56adcbc45eea23c82.js","component---src-templates-release-js-29f56adcbc45eea23c82.js.map"],"children":{},"childAssets":{}},"component---src-pages-about-js":{"chunks":[0,1,2,4],"assets":["styles.4a15a1e34e77df9354d8.css","styles-91401e63c4ad784dd9e1.js","styles-91401e63c4ad784dd9e1.js.map","1-ababeae4bce7b3f92bbf.js","1-ababeae4bce7b3f92bbf.js.map","2-f417f0d6c0cca400c383.js","2-f417f0d6c0cca400c383.js.map","component---src-pages-about-js-bec61efb4ce0fdf7bfad.js","component---src-pages-about-js-bec61efb4ce0fdf7bfad.js.map"],"children":{},"childAssets":{}},"component---src-pages-artists-js":{"chunks":[0,1,2,5],"assets":["styles.4a15a1e34e77df9354d8.css","styles-91401e63c4ad784dd9e1.js","styles-91401e63c4ad784dd9e1.js.map","1-ababeae4bce7b3f92bbf.js","1-ababeae4bce7b3f92bbf.js.map","2-f417f0d6c0cca400c383.js","2-f417f0d6c0cca400c383.js.map","component---src-pages-artists-js-b52311c042dae8928bd6.js","component---src-pages-artists-js-b52311c042dae8928bd6.js.map"],"children":{},"childAssets":{}},"component---src-pages-contact-js":{"chunks":[0,1,2,6],"assets":["styles.4a15a1e34e77df9354d8.css","styles-91401e63c4ad784dd9e1.js","styles-91401e63c4ad784dd9e1.js.map","1-ababeae4bce7b3f92bbf.js","1-ababeae4bce7b3f92bbf.js.map","2-f417f0d6c0cca400c383.js","2-f417f0d6c0cca400c383.js.map","component---src-pages-contact-js-fa247ebc55baae9273cc.js","component---src-pages-contact-js-fa247ebc55baae9273cc.js.map"],"children":{},"childAssets":{}},"component---src-pages-index-js":{"chunks":[0,1,2,7],"assets":["styles.4a15a1e34e77df9354d8.css","styles-91401e63c4ad784dd9e1.js","styles-91401e63c4ad784dd9e1.js.map","1-ababeae4bce7b3f92bbf.js","1-ababeae4bce7b3f92bbf.js.map","2-f417f0d6c0cca400c383.js","2-f417f0d6c0cca400c383.js.map","component---src-pages-index-js-2dfcd0af2d8a4d3baba2.js","component---src-pages-index-js-2dfcd0af2d8a4d3baba2.js.map"],"children":{},"childAssets":{}},"component---src-pages-lookbook-js":{"chunks":[0,1,2,8],"assets":["styles.4a15a1e34e77df9354d8.css","styles-91401e63c4ad784dd9e1.js","styles-91401e63c4ad784dd9e1.js.map","1-ababeae4bce7b3f92bbf.js","1-ababeae4bce7b3f92bbf.js.map","2-f417f0d6c0cca400c383.js","2-f417f0d6c0cca400c383.js.map","component---src-pages-lookbook-js-0e07d31d4e5dedca952f.js","component---src-pages-lookbook-js-0e07d31d4e5dedca952f.js.map"],"children":{},"childAssets":{}},"component---src-pages-music-demos-js":{"chunks":[0,1,2,9],"assets":["styles.4a15a1e34e77df9354d8.css","styles-91401e63c4ad784dd9e1.js","styles-91401e63c4ad784dd9e1.js.map","1-ababeae4bce7b3f92bbf.js","1-ababeae4bce7b3f92bbf.js.map","2-f417f0d6c0cca400c383.js","2-f417f0d6c0cca400c383.js.map","component---src-pages-music-demos-js-a5d9739b5d7a86e2a01f.js","component---src-pages-music-demos-js-a5d9739b5d7a86e2a01f.js.map"],"children":{},"childAssets":{}},"component---src-pages-music-releases-js":{"chunks":[0,1,10],"assets":["styles.4a15a1e34e77df9354d8.css","styles-91401e63c4ad784dd9e1.js","styles-91401e63c4ad784dd9e1.js.map","1-ababeae4bce7b3f92bbf.js","1-ababeae4bce7b3f92bbf.js.map","component---src-pages-music-releases-js-b593a88446a0a48db810.js","component---src-pages-music-releases-js-b593a88446a0a48db810.js.map"],"children":{},"childAssets":{}},"pages-manifest":{"chunks":[14],"assets":["pages-manifest-bdbdcb62c5ef5e6585e8.js","pages-manifest-bdbdcb62c5ef5e6585e8.js.map"],"children":{},"childAssets":{}}},"assetsByChunkName":{"app":["webpack-runtime-1e230909ab5ed247a4d6.js","app-c2ce1e57c97421d0f353.js"],"component---src-templates-event-js":["styles.4a15a1e34e77df9354d8.css","styles-91401e63c4ad784dd9e1.js","1-ababeae4bce7b3f92bbf.js","2-f417f0d6c0cca400c383.js","component---src-templates-event-js-44998037cda475159aa3.js"],"component---src-templates-artist-js":["styles.4a15a1e34e77df9354d8.css","styles-91401e63c4ad784dd9e1.js","1-ababeae4bce7b3f92bbf.js","2-f417f0d6c0cca400c383.js","component---src-templates-artist-js-f3d1738b4170280c0631.js"],"component---src-templates-release-js":["styles.4a15a1e34e77df9354d8.css","styles-91401e63c4ad784dd9e1.js","1-ababeae4bce7b3f92bbf.js","2-f417f0d6c0cca400c383.js","component---src-templates-release-js-29f56adcbc45eea23c82.js"],"component---src-pages-about-js":["styles.4a15a1e34e77df9354d8.css","styles-91401e63c4ad784dd9e1.js","1-ababeae4bce7b3f92bbf.js","2-f417f0d6c0cca400c383.js","component---src-pages-about-js-bec61efb4ce0fdf7bfad.js"],"component---src-pages-artists-js":["styles.4a15a1e34e77df9354d8.css","styles-91401e63c4ad784dd9e1.js","1-ababeae4bce7b3f92bbf.js","2-f417f0d6c0cca400c383.js","component---src-pages-artists-js-b52311c042dae8928bd6.js"],"component---src-pages-contact-js":["styles.4a15a1e34e77df9354d8.css","styles-91401e63c4ad784dd9e1.js","1-ababeae4bce7b3f92bbf.js","2-f417f0d6c0cca400c383.js","component---src-pages-contact-js-fa247ebc55baae9273cc.js"],"component---src-pages-index-js":["styles.4a15a1e34e77df9354d8.css","styles-91401e63c4ad784dd9e1.js","1-ababeae4bce7b3f92bbf.js","2-f417f0d6c0cca400c383.js","component---src-pages-index-js-2dfcd0af2d8a4d3baba2.js"],"component---src-pages-lookbook-js":["styles.4a15a1e34e77df9354d8.css","styles-91401e63c4ad784dd9e1.js","1-ababeae4bce7b3f92bbf.js","2-f417f0d6c0cca400c383.js","component---src-pages-lookbook-js-0e07d31d4e5dedca952f.js"],"component---src-pages-music-demos-js":["styles.4a15a1e34e77df9354d8.css","styles-91401e63c4ad784dd9e1.js","1-ababeae4bce7b3f92bbf.js","2-f417f0d6c0cca400c383.js","component---src-pages-music-demos-js-a5d9739b5d7a86e2a01f.js"],"component---src-pages-music-releases-js":["styles.4a15a1e34e77df9354d8.css","styles-91401e63c4ad784dd9e1.js","1-ababeae4bce7b3f92bbf.js","component---src-pages-music-releases-js-b593a88446a0a48db810.js"],"pages-manifest":["pages-manifest-bdbdcb62c5ef5e6585e8.js"]}}