{"pageContext":{"artist":{"key":"reload","name":"Reload","social":{"soundcloud":"https://soundcloud.com/jdreload","facebook":"https://www.facebook.com/djreloadwales/","aor":"https://soundcloud.com/riddimrecordsuk/aor-reload-promo"},"info":"Since his explosion into the drum and bass scene in 2016, Reload has quickly established \n  himself as one of Cardiff's finest and highest demand DJs. The high-energy artist has built \n  himself an impressive portfolio through supporting some of drum and bass's most well-known \n  artists, taking up a residency at nearly every drum and bass brand in the Welsh capital. \n\n  Joining the ranks of the Riddim Records artist collective in 2017, Reload has represented \n  the brand up and down the UK and will continue to tear up dance-floors for the foreseeable future.","pic":"ReloadSquare.jpg"}}}