{"pageContext":{"artist":{"key":"rous","name":"Rous","social":{"soundcloud":"https://soundcloud.com/rous-2","facebook":"https://www.facebook.com/TerraFirmaSound/","aor":"https://soundcloud.com/riddimrecordsuk/aor-rous-promo"},"info":["Warren Rousseau aka Rous is a Kent-born DJ and\n  producer. Rous has developed an impressive skillset in his short career,\n  successfully carving out his brand and passion for all things drum and bass.","With a rich background in metal and rock it was inevitable that music\n  was going to play a pivotal role in Rous' future. Rous discovered drum\n  and bass through Netsky's 'I Refuse' at age 13 and with his eyes and ears\n  opened, he entered himself into the world of drum and bass. Since then\n  he's co-founded one of the most exciting new labels Terra Firma, gaining\n  support from across the scene.","Rous is a formidable figure behind the decks having supported the likes\n  of Halogenix, Loz Contreras, Plastician, Taiki-Nulight and many more.\n  Rous is certainly no stranger to smashing up dancefloors."],"pic":"RousSquare.jpg"}}}