{"errors":[{"message":"Variable \"$name\" of required type \"String!\" was not provided.","locations":[{"line":2,"column":3}]}],"pageContext":{"isCreatedByStatefulCreatePages":false,"event":{"name":"riddim9"},"events":[{"node":{"name":"riddim1"}},{"node":{"name":"riddim2"}},{"node":{"name":"riddim3"}},{"node":{"name":"riddim4"}},{"node":{"name":"riddim5"}},{"node":{"name":"riddim6"}},{"node":{"name":"riddim7"}},{"node":{"name":"riddim8"}},{"node":{"name":"riddim9"}},{"node":{"name":"riddim10"}},{"node":{"name":"riddim11"}},{"node":{"name":"riddim12"}},{"node":{"name":"riddim13"}}]}}