{"data":{"eventsJson":{"key":10,"name":"riddim10","date":"28.12.18","info":"2018 has been a wonderful year for us here at Riddim, and we can't wait for 2019! We've had the privilege of working with some of the biggest names in drum and bass, as well as some of the amazing talents that Leeds, York, Swansea and Cardiff have to offer. Thus, to end the year, we're bringing you one of drum and bass's most influential and profound artists whose sound has reached all four corners of the globe. We present to you, the mighty... LSB!","artists":["LSB","Lubi J","Ransom","Dbrief","Mascot","Hosted by MC XL"],"location":"<iframe height='90%' width='90%' title='map' src='https://maps.google.com/maps?q=114-116%20hodge%20house&amp;t=&amp;z=12&amp;ie=UTF8&amp;iwloc=&amp;output=embed'/>"}},"pageContext":{"isCreatedByStatefulCreatePages":false,"event":{"name":"riddim10"},"events":[{"node":{"name":"riddim1"}},{"node":{"name":"riddim2"}},{"node":{"name":"riddim3"}},{"node":{"name":"riddim4"}},{"node":{"name":"riddim5"}},{"node":{"name":"riddim6"}},{"node":{"name":"riddim7"}},{"node":{"name":"riddim8"}},{"node":{"name":"riddim9"}},{"node":{"name":"riddim10"}},{"node":{"name":"riddim11"}},{"node":{"name":"riddim12"}},{"node":{"name":"riddim13"}}],"name":"riddim10"}}