{"data":{"eventsJson":{"key":8,"name":"riddim8","date":"02.11.18","info":"Room 2 // Riddim Records - Joining us in Room 2, we have one of the UK's fastest growing independent drum and bass brands bringing their signature, cross-spectrum sound. Expanding out of Cardiff, Riddim Records are venturing to cities across the UK with their unique style and energy.","artists":["Alf","Archa","Dbrief","Mascot","Skinny","Thread"],"location":"<iframe height='90%' width='90%' title='map' src='https://maps.google.com/maps?q=Mint%20Warehouse%20Aquatite%20House%20Water%20Ln&amp;t=&amp;z=10&amp;ie=UTF8&amp;iwloc=&amp;output=embed'/>"}},"pageContext":{"isCreatedByStatefulCreatePages":false,"event":{"name":"riddim8"},"events":[{"node":{"name":"riddim1"}},{"node":{"name":"riddim2"}},{"node":{"name":"riddim3"}},{"node":{"name":"riddim4"}},{"node":{"name":"riddim5"}},{"node":{"name":"riddim6"}},{"node":{"name":"riddim7"}},{"node":{"name":"riddim8"}},{"node":{"name":"riddim9"}},{"node":{"name":"riddim10"}},{"node":{"name":"riddim11"}},{"node":{"name":"riddim12"}},{"node":{"name":"riddim13"}}],"name":"riddim8"}}