{"pageContext":{"isCreatedByStatefulCreatePages":false,"artist":{"key":"skinny","name":"Skinny","social":{"soundcloud":"https://soundcloud.com/skiinnypete","facebook":"https://www.facebook.com/soundsoftheskin/","instagram":"https://www.instagram.com/skinnydnb/"},"info":["Hailing from London, Skinny has played across almost all venues in Leeds, so is no stranger behind \n  the decks. Providing a unique style of drum and bass that incorporates elements of minimal, half-time, \n  rollers and jungle, he has crafted a sound that brings out the raver in every listener. His influences \n  range from established artists across many genres, ranging from Alix Perez through to DJ Shadow and Mala. \n  His sound control and crowd reading allows him to bring out heavy and dark sets where needed whilst also \n  keeping the audience afloat with gentler liquid and technical minimal. When showing his experimental side, \n  he dips into unknown and old school fields of drum and bass to bring out his own hand-picked selections.","The roster of artists he has supported includes: Randall, DJ Hype, DJ Hazard, Ed Solo, Nicky Blackmarket, \n  Gold Dubs, Benny L, Annix, Aries, Sub Zero, Serum, Dillinja and many more. In supporting these artists \n  he has picked up unique skills that have allowed him to curate powerful sets that guarantee enjoyment.\n  As well as having an ear for drum and bass, Skinny also delves into 140 dub – engaging in multiple projects \n  with close friends and musicians curating new styles of dub and producing experimental sounds."],"pic":"SkinnySquare.jpg"}}}