{"pageContext":{"artist":{"key":"hannahlux","name":"Hannah Lux","social":{"soundcloud":"https://soundcloud.com/hannah-lux"},"info":"Self-taught singer, songwriter and musician,\n  Hannah Lux, has been mesmerised by music her entire life and began writing\n  her own at the age of 12; inspired by her colourful upbringing in Cardiff,\n  the creative heart of Wales.\n  \n  Lux continued to write and perform throughout her teenage years and her\n  style continuously evolved until she was introduced to electronic music.\n  Her first track was an ambient garage collaboration, 'Dangerous', under\n  her previous pseudonym, Solis, which attracted attention to her unique\n  vocals. She took this in her stride, working behind the scenes on varied\n  pieces with producers from around the UK before releasing 'Go With Me' -\n  an original song remixed by Boston on Symmetry Recordings. Lux then flew\n  to Amsterdam and Poland to record and film for 'We are not Human' with\n  June Miller on RAM Records under her new pseudonym, Hannah Lux. 'We are not\n  Human' is featured on UKF's Youtube platform and quickly became a liquid\n  favourite leading to its nomination for the Best Music Video Award at the\n  Bass Awards 2015 and its Top-5 spot in the Beatport chart.","pic":"HannahSquare.jpg"}}}