{"data":{"eventsJson":{"key":5,"name":"riddim5","date":"25.05.18","info":"Our second-Cardiff event of the 2018 season follows our ethos of bringing diversity to Cardiff's thriving drum and bass scene. After the huge success of our first event, we are proud to bring you Critical King's - Emperor and Kasra. This is also a very special event as we'll be witness to Emperor's EP launch, forthcoming on Critical Music, in an action-packed 90 minute set!","artists":["Emperor","Kasra","Mascot","Mowgli","Rous","Hosted by MC XL"],"location":"<iframe height='90%' width='90%' title='map' src='https://maps.google.com/maps?q=114-116%20hodge%20house&amp;t=&amp;z=12&amp;ie=UTF8&amp;iwloc=&amp;output=embed'/>"}},"pageContext":{"isCreatedByStatefulCreatePages":false,"event":{"name":"riddim5"},"events":[{"node":{"name":"riddim1"}},{"node":{"name":"riddim2"}},{"node":{"name":"riddim3"}},{"node":{"name":"riddim4"}},{"node":{"name":"riddim5"}},{"node":{"name":"riddim6"}},{"node":{"name":"riddim7"}},{"node":{"name":"riddim8"}},{"node":{"name":"riddim9"}},{"node":{"name":"riddim10"}},{"node":{"name":"riddim11"}},{"node":{"name":"riddim12"}},{"node":{"name":"riddim13"}}],"name":"riddim5"}}